{
  "agent_prompt_sha": "c90b17a396de54a50de064101bcf1489a30d4aad9f1afaeb1a4eb4cfd02f9f47",
  "agent_recall": 0.785714,
  "baseline_prompt_sha": "f2837b5416a8d4cb076234938c32a077f9101ccefce42d3ae2c398c69122e445",
  "baseline_recall": 0.404762,
  "bootstrap_ci_95": [
    0.111111,
    0.642857
  ],
  "cost_estimate_usd": 0.8884,
  "error_count": 0,
  "fixture_set_sha": "9d77ba35e2acf78f5ee71d441ed39a5fb27b39906b7a3571dbb50f7cf72c136f",
  "flakiness": true,
  "flaky_fixtures_detected": [
    "F001",
    "F002",
    "F003",
    "F005"
  ],
  "flaky_fixtures_excluded": [],
  "model_id": "claude-sonnet-4-6",
  "per_fixture_pass_rates": {
    "F001": {
      "agent": [
        1.0,
        0.5,
        0.5
      ],
      "baseline": [
        0.0,
        0.0,
        0.0
      ]
    },
    "F002": {
      "agent": [
        0.5,
        1.0,
        0.0
      ],
      "baseline": [
        0.5,
        0.5,
        0.5
      ]
    },
    "F003": {
      "agent": [
        0.5,
        0.5,
        0.0
      ],
      "baseline": [
        0.0,
        0.0,
        0.0
      ]
    },
    "F004": {
      "agent": [
        1.0,
        1.0,
        1.0
      ],
      "baseline": [
        0.0,
        0.0,
        0.0
      ]
    },
    "F005": {
      "agent": [
        1.0,
        1.0,
        1.0
      ],
      "baseline": [
        1.0,
        1.0,
        0.0
      ]
    },
    "F006": {
      "agent": [
        1.0,
        1.0,
        1.0
      ],
      "baseline": [
        0.0,
        0.0,
        0.0
      ]
    },
    "F007": {
      "agent": [
        1.0,
        1.0,
        1.0
      ],
      "baseline": [
        1.0,
        1.0,
        1.0
      ]
    },
    "F008": {
      "agent": [
        1.0,
        1.0,
        1.0
      ],
      "baseline": [
        1.0,
        1.0,
        1.0
      ]
    },
    "F009": {
      "agent": [
        1.0,
        1.0,
        1.0
      ],
      "baseline": [
        1.0,
        1.0,
        1.0
      ]
    },
    "F010": {
      "agent": [
        1.0,
        1.0,
        1.0
      ],
      "baseline": [
        1.0,
        1.0,
        1.0
      ]
    }
  },
  "pricing_rate_as_of": "2026-05-03",
  "recall_delta": 0.380952,
  "recall_excluding_errors": 0.785714,
  "recall_with_errors": 0.785714,
  "recommendation": "halt-due-to-flakiness",
  "run_id": "20260503T182553Z-eaa08f8d",
  "schemaVersion": 1,
  "tokens_estimated": true,
  "total_tokens_in": 253266,
  "total_tokens_out": 8574,
  "wall_clock_seconds": 620.0
}